{
  "(7, 5, 5, 4, 5, 4)": [
    0.31409248087094016,
    0.3140063499527182,
    0.3143736255870627
  ],
  "(7, 5, 4, 4, 4, 4)": [
    0.3097918409922671,
    0.30998693794342186,
    0.27376095347662005
  ],
  "(7, 5, 5, 5, 5, 5)": [
    0.31321572384809804,
    0.3108991547233275,
    0.3157997021801218
  ],
  "(7, 5, 5, 4, 4, 5)": [
    0.3125058693619054,
    0.3110648262231814,
    0.3125524827416249
  ],
  "(7, 5, 5, 4, 5, 5)": [
    0.3122333824251094,
    0.30998303689384016,
    0.31266983500499934
  ],
  "(7, 5, 5, 5, 4, 5)": [
    0.3161455782172587,
    0.31575586689476715,
    0.3168681275270411
  ],
  "(7, 5, 4, 4, 4, 5)": [
    0.30876484361009526,
    0.3089760391693297,
    0.28032447852179765
  ],
  "(7, 5, 5, 4, 4, 4)": [
    0.31123717528930117,
    0.3107239879455288,
    0.3126071537657652
  ],
  "(7, 5, 4, 4, 5, 5)": [
    0.31052415549876344,
    0.31006289343934107,
    0.29900890515600087
  ],
  "(7, 5, 4, 4, 5, 4)": [
    0.314982392915594,
    0.31461043236539865,
    0.29147820001695596
  ],
  "(7, 5, 5, 5, 4, 4)": [
    0.31399929375679825,
    0.3138672622604538,
    0.3138712412303855
  ],
  "(7, 5, 5, 5, 5, 4)": [
    0.31387581880465093,
    0.3130613946657202,
    0.32387949991910164
  ],
  "(7, 5, 4, 5, 4, 4)": [
    0.3109065908237184,
    0.3123037433641397,
    0.2783878882666909
  ],
  "(7, 5, 4, 5, 5, 4)": [
    0.31840110445191,
    0.3181664946851712,
    0.29809512729723536
  ],
  "(7, 5, 4, 5, 5, 5)": [
    0.3124213846690778,
    0.3123156533253551,
    0.2921857366772452
  ],
  "(7, 5, 4, 5, 4, 5)": [
    0.31468827627227935,
    0.3143747183683946,
    0.29482969520704083
  ]
}